row_id,order_id,created_at,Date,Time ,item_id,quantity,cust_name,in_or_out,LEN,Trimmed,Order_Type,,
1,ORD001,2/12/2024 7:04,2/12/2024,7:04:00 AM,It008,1,Alex,out,3,out,Take_out,,
2,ORD002,2/12/2024 7:09,2/12/2024,7:09:00 AM,It014,1,Jordan,in,2,in,Dine_in,Total no of cusomers,521
3,ORD003,2/12/2024 7:14,2/12/2024,7:14:00 AM,It008,1,Taylor,out,3,out,Take_out,no of blank spaces (0),32
4,ORD004,2/12/2024 7:18,2/12/2024,7:18:00 AM,It019,1,Casey,out,3,out,Take_out,no of spaces (1),58
5,ORD005,2/12/2024 7:23,2/12/2024,7:23:00 AM,It024,1,Jamie,out,3,out,Take_out,No. of Dine_in,203
6,ORD006,2/12/2024 7:28,2/12/2024,7:28:00 AM,It001,1,Morgan,in,2,in,Dine_in,No. of Take_Out,228
7,ORD006,2/12/2024 7:28,2/12/2024,7:28:00 AM,It016,1,Morgan,in,2,in,Dine_in,,
8,ORD007,2/12/2024 7:33,2/12/2024,7:33:00 AM,It005,1,Riley,out,3,out,Take_out,,
9,ORD007,2/12/2024 7:33,2/12/2024,7:33:00 AM,It020,1,Riley,,0,,Unknown,,
10,ORD008,2/12/2024 7:39,2/12/2024,7:39:00 AM,It006,1,Cameron,in,2,in,Dine_in,,
11,ORD008,2/12/2024 7:39,2/12/2024,7:39:00 AM,It018,1,Cameron,,0,,Unknown,,
12,ORD009,2/12/2024 7:44,2/12/2024,7:44:00 AM,It023,1,Quinn,out,3,out,Take_out,,
13,ORD009,2/12/2024 7:44,2/12/2024,7:44:00 AM,It011,1,Quinn,,0,,Unknown,,
14,ORD010,2/12/2024 7:49,2/12/2024,7:49:00 AM,It024,1,Peyton,out,3,out,Take_out,,
15,ORD010,2/12/2024 7:49,2/12/2024,7:49:00 AM,It014,1,Peyton,,0,,Unknown,,
16,ORD011,2/12/2024 7:53,2/12/2024,7:53:00 AM,It003,1,Brooke,out,3,out,Take_out,,
17,ORD012,2/12/2024 7:58,2/12/2024,7:58:00 AM,It007,1,Blake,out,3,out,Take_out,,
18,ORD013,2/12/2024 8:03,2/12/2024,8:03:00 AM,It009,1,Charlie,in,2,in,Dine_in,,
19,ORD013,2/12/2024 8:03,2/12/2024,8:03:00 AM,It021,1,Charlie,,0,,Unknown,,
20,ORD014,2/12/2024 8:08,2/12/2024,8:08:00 AM,It012,1,Dakota,in,2,in,Dine_in,,
21,ORD014,2/12/2024 8:08,2/12/2024,8:08:00 AM,It022,1,Dakota,,0,,Unknown,,
22,ORD015,2/12/2024 8:12,2/12/2024,8:12:00 AM,It004,1,Emerson,out,3,out,Take_out,,
23,ORD016,2/12/2024 8:17,2/12/2024,8:17:00 AM,It002,1,Finley,out,3,out,Take_out,,
24,ORD017,2/12/2024 8:22,2/12/2024,8:22:00 AM,It001,1,Harper,in,2,in,Dine_in,,
25,ORD018,2/12/2024 8:26,2/12/2024,8:26:00 AM,It014,1,Jordan,out,3,out,Take_out,,
26,ORD019,2/12/2024 8:31,2/12/2024,8:31:00 AM,It011,1,Kendall,in,2,in,Dine_in,,
27,ORD020,2/12/2024 8:36,2/12/2024,8:36:00 AM,It017,1,Logan,out,3,out,Take_out,,
28,ORD020,2/12/2024 8:36,2/12/2024,8:36:00 AM,It020,1,Logan,,0,,Unknown,,
29,ORD021,2/12/2024 8:41,2/12/2024,8:41:00 AM,It005,1,Morgan,out,3,out,Take_out,,
30,ORD022,2/12/2024 8:45,2/12/2024,8:45:00 AM,It006,1,Parker,in,2,in,Dine_in,,
31,ORD022,2/12/2024 8:45,2/12/2024,8:45:00 AM,It014,1,Peyton,,0,,Unknown,,
32,ORD023,2/12/2024 8:50,2/12/2024,8:50:00 AM,It008,1,Alex,out,3,out,Take_out,,
33,ORD024,2/12/2024 8:55,2/12/2024,8:55:00 AM,It016,1,Jordan,out,3,out,Take_out,,
34,ORD025,2/12/2024 9:00,2/12/2024,9:00:00 AM,It006,1,Taylor,out,3,out,Take_out,,
35,ORD026,2/12/2024 9:04,2/12/2024,9:04:00 AM,It019,1,Casey,in,2,in,Dine_in,,
36,ORD027,2/12/2024 9:09,2/12/2024,9:09:00 AM,It009,1,Jamie,out,3,out,Take_out,,
37,ORD028,2/12/2024 9:14,2/12/2024,9:14:00 AM,It001,1,Morgan,in,2,in,Dine_in,,
38,ORD028,2/12/2024 9:14,2/12/2024,9:14:00 AM,It016,1,Morgan,,0,,Unknown,,
39,ORD029,2/12/2024 9:19,2/12/2024,9:19:00 AM,It005,1,Riley,in,2,in,Dine_in,,
40,ORD029,2/12/2024 9:19,2/12/2024,9:19:00 AM,It020,1,Riley,,0,,Unknown,,
41,ORD029,2/12/2024 9:19,2/12/2024,9:19:00 AM,It012,1,Riley,,0,,Unknown,,
42,ORD030,2/12/2024 9:35,2/12/2024,9:35:00 AM,It004,1,Jordan,out,3,out,Take_out,,
43,ORD031,2/12/2024 9:48,2/12/2024,9:48:00 AM,It021,1,Harper,out,3,out,Take_out,,
44,ORD032,2/12/2024 10:02,2/12/2024,10:02:00 AM,It007,1,Casey,out,3,out,Take_out,,
45,ORD033,2/12/2024 10:17,2/12/2024,10:17:00 AM,It0010,1,Riley,out,3,out,Take_out,,
46,ORD034,2/12/2024 10:33,2/12/2024,10:33:00 AM,It017,1,Alex,in,2,in,Dine_in,,
47,ORD035,2/12/2024 10:50,2/12/2024,10:50:00 AM,It009,1,Jamie,out,3,out,Take_out,,
48,ORD036,2/12/2024 11:08,2/12/2024,11:08:00 AM,It018,1,Taylor,out,3,out,Take_out,,
49,ORD037,2/12/2024 11:27,2/12/2024,11:27:00 AM,It005,1,Quinn,in,2,in,Dine_in,,
50,ORD037,2/12/2024 11:27,2/12/2024,11:27:00 AM,It002,1,Quinn,,0,,Unknown,,
51,ORD038,2/12/2024 12:08,2/12/2024,12:08:00 PM,It015,1,Peyton,in,2,in,Dine_in,,
52,ORD038,2/12/2024 12:08,2/12/2024,12:08:00 PM,It003,1,Peyton,,0,,Unknown,,
53,ORD038,2/12/2024 12:08,2/12/2024,12:08:00 PM,It016,1,Peyton,,0,,Unknown,,
54,ORD039,2/12/2024 12:10,2/12/2024,12:10:00 PM,It005,1,Riley,out,3,out,Take_out,,
55,ORD039,2/12/2024 12:10,2/12/2024,12:10:00 PM,It020,1,Riley,,0,,Unknown,,
56,ORD040,2/12/2024 12:11,2/12/2024,12:11:00 PM,It006,1,Cameron,out,3,out,Take_out,,
57,ORD040,2/12/2024 12:11,2/12/2024,12:11:00 PM,It018,1,Cameron,,0,,Unknown,,
58,ORD041,2/12/2024 12:16,2/12/2024,12:16:00 PM,It023,1,Quinn,in,2,in,Dine_in,,
59,ORD041,2/12/2024 12:16,2/12/2024,12:16:00 PM,It011,1,Quinn,,0,,Unknown,,
60,ORD041,2/12/2024 12:16,2/12/2024,12:16:00 PM,It011,1,Quinn,,0,,Unknown,,
61,ORD042,2/12/2024 12:18,2/12/2024,12:18:00 PM,It004,1,Taylor,out,3,out,Take_out,,
62,ORD043,2/12/2024 12:21,2/12/2024,12:21:00 PM,It022,1,Jamie,out,3,out,Take_out,,
63,ORD044,2/12/2024 12:23,2/12/2024,12:23:00 PM,It018,1,Riley,out,3,out,Take_out,,
64,ORD045,2/12/2024 12:26,2/12/2024,12:26:00 PM,It017,1,Alex,in,2,in,Dine_in,,
65,ORD046,2/12/2024 12:29,2/12/2024,12:29:00 PM,It009,1,Casey,out,3,out,Take_out,,
66,ORD047,2/12/2024 12:32,2/12/2024,12:32:00 PM,It009,1,Brooke,out,3,out,Take_out,,
67,ORD048,2/12/2024 12:35,2/12/2024,12:35:00 PM,It012,1,Jordan,out,3,out,Take_out,,
68,ORD049,2/12/2024 12:38,2/12/2024,12:38:00 PM,It005,1,Peyton,in,2,in,Dine_in,,
69,ORD050,2/12/2024 12:41,2/12/2024,12:41:00 PM,It019,1,Morgan,out,3,out,Take_out,,
70,ORD051,2/12/2024 12:44,2/12/2024,12:44:00 PM,It020,1,Harper,in,2,in,Dine_in,,
71,ORD052,2/12/2024 12:47,2/12/2024,12:47:00 PM,It021,1,Cameron,out,3,out,Take_out,,
72,ORD053,2/12/2024 12:50,2/12/2024,12:50:00 PM,It014,1,Avery,in,2,in,Dine_in,,
73,ORD054,2/12/2024 12:53,2/12/2024,12:53:00 PM,It016,1,Quinn,out,3,out,Take_out,,
74,ORD055,2/12/2024 12:56,2/12/2024,12:56:00 PM,It023,1,Taylor,out,3,out,Take_out,,
75,ORD056,2/12/2024 12:59,2/12/2024,12:59:00 PM,It020,1,Jamie,out,3,out,Take_out,,
76,ORD057,2/12/2024 13:02,2/12/2024,1:02:00 PM,It013,1,Riley,in,2,in,Dine_in,,
77,ORD058,2/12/2024 13:05,2/12/2024,1:05:00 PM,It001,1,Alex,out,3,out,Take_out,,
78,ORD059,2/12/2024 13:08,2/12/2024,1:08:00 PM,It003,1,Casey,in,2,in,Dine_in,,
79,ORD060,2/12/2024 13:11,2/12/2024,1:11:00 PM,It008,1,Brooke,out,3,out,Take_out,,
80,ORD061,2/12/2024 13:13,2/12/2024,1:13:00 PM,It002,1,Harper,in,2,in,Dine_in,,
81,ORD061,2/12/2024 13:13,2/12/2024,1:13:00 PM,It007,1,Harper,,0,,Unknown,,
82,ORD062,2/12/2024 13:15,2/12/2024,1:15:00 PM,It019,1,Jordan,out,3,out,Take_out,,
83,ORD063,2/12/2024 13:17,2/12/2024,1:17:00 PM,It021,1,Avery,out,3,out,Take_out,,
84,ORD063,2/12/2024 13:17,2/12/2024,1:17:00 PM,It005,1,Avery,,0,,Unknown,,
85,ORD063,2/12/2024 13:17,2/12/2024,1:17:00 PM,It014,1,Avery,,0,,Unknown,,
86,ORD064,2/12/2024 13:20,2/12/2024,1:20:00 PM,It004,1,Casey,in,2,in,Dine_in,,
87,ORD064,2/12/2024 13:20,2/12/2024,1:20:00 PM,It003,1,Casey,,0,,Unknown,,
88,ORD065,2/12/2024 13:22,2/12/2024,1:22:00 PM,It012,1,Taylor,out,3,out,Take_out,,
89,ORD065,2/12/2024 13:22,2/12/2024,1:22:00 PM,It009,1,Taylor,,0,,Unknown,,
90,ORD066,2/12/2024 13:25,2/12/2024,1:25:00 PM,It018,1,Riley,out,3,out,Take_out,,
91,ORD066,2/12/2024 13:25,2/12/2024,1:25:00 PM,It022,1,Riley,,0,,Unknown,,
92,ORD067,2/12/2024 13:27,2/12/2024,1:27:00 PM,It011,1,Jamie,out,3,out,Take_out,,
93,ORD067,2/12/2024 13:27,2/12/2024,1:27:00 PM,It015,1,Jamie,,0,,Unknown,,
94,ORD068,2/12/2024 13:30,2/12/2024,1:30:00 PM,It006,1,Morgan,out,3,out,Take_out,,
95,ORD068,2/12/2024 13:30,2/12/2024,1:30:00 PM,It022,1,Morgan,,0,,Unknown,,
96,ORD069,2/12/2024 13:32,2/12/2024,1:32:00 PM,It010,1,Quinn,out,3,out,Take_out,,
97,ORD069,2/12/2024 13:32,2/12/2024,1:32:00 PM,It024,1,Quinn,,0,,Unknown,,
98,ORD070,2/12/2024 13:35,2/12/2024,1:35:00 PM,It001,1,Peyton,in,2,in,Dine_in,,
99,ORD070,2/12/2024 13:35,2/12/2024,1:35:00 PM,It017,1,Peyton,,0,,Unknown,,
100,ORD078,2/12/2024 13:55,2/12/2024,1:55:00 PM,It020,1,Alex,out,3,out,Take_out,,
101,ORD079,2/12/2024 14:05,2/12/2024,2:05:00 PM,It021,1,Harper,in,2,in,Dine_in,,
102,ORD080,2/12/2024 14:17,2/12/2024,2:17:00 PM,It004,1,Taylor,out,3,out,Take_out,,
103,ORD080,2/12/2024 14:17,2/12/2024,2:17:00 PM,It013,1,Taylor,,0,,Unknown,,
104,ORD081,2/12/2024 14:30,2/12/2024,2:30:00 PM,It018,1,Jordan,in,2,in,Dine_in,,
105,ORD082,2/12/2024 14:45,2/12/2024,2:45:00 PM,It007,1,Casey,in,2,in,Dine_in,,
106,ORD082,2/12/2024 14:45,2/12/2024,2:45:00 PM,It011,1,Casey,,0,,Unknown,,
107,ORD083,2/12/2024 15:00,2/12/2024,3:00:00 PM,It013,1,Riley,out,3,out,Take_out,,
108,ORD084,2/12/2024 15:20,2/12/2024,3:20:00 PM,It009,1,Jamie,in,2,in,Dine_in,,
109,ORD084,2/12/2024 15:20,2/12/2024,3:20:00 PM,It003,1,Jamie,,0,,Unknown,,
110,ORD085,2/12/2024 15:40,2/12/2024,3:40:00 PM,It014,1,Morgan,out,3,out,Take_out,,
111,ORD085,2/12/2024 15:40,2/12/2024,3:40:00 PM,It022,1,Morgan,,0,,Unknown,,
112,ORD086,2/12/2024 16:00,2/12/2024,4:00:00 PM,It005,1,Brooke,out,3,out,Take_out,,
113,ORD087,2/12/2024 16:25,2/12/2024,4:25:00 PM,It017,1,Avery,out,3,out,Take_out,,
114,ORD088,2/12/2024 16:50,2/12/2024,4:50:00 PM,It012,1,Quinn,out,3,out,Take_out,,
115,ORD089,2/12/2024 17:00,2/12/2024,5:00:00 PM,It001,1,Sam,out,3,out,Take_out,,
116,ORD090,2/13/2024 7:14,2/13/2024,7:14:00 AM,It002,1,Anna,out,3,out,Take_out,,
117,ORD091,2/13/2024 7:19,2/13/2024,7:19:00 AM,It004,1,Chris,in,2,in,Dine_in,,
118,ORD091,2/13/2024 7:19,2/13/2024,7:19:00 AM,It028,1,Chris, ,1,,Unknown,,
119,ORD092,2/13/2024 7:24,2/13/2024,7:24:00 AM,It017,1,Pat,out,3,out,Take_out,,
120,ORD093,2/13/2024 7:30,2/13/2024,7:30:00 AM,It023,1,Alex,in,2,in,Dine_in,,
121,ORD093,2/13/2024 7:30,2/13/2024,7:30:00 AM,It011,1,Alex, ,1,,Unknown,,
122,ORD094,2/13/2024 7:35,2/13/2024,7:35:00 AM,It006,1,Jordan,out,3,out,Take_out,,
123,ORD095,2/13/2024 7:40,2/13/2024,7:40:00 AM,It021,1,Taylor,in,2,in,Dine_in,,
124,ORD096,2/13/2024 7:45,2/13/2024,7:45:00 AM,It015,1,Casey,out,3,out,Take_out,,
125,ORD097,2/13/2024 7:50,2/13/2024,7:50:00 AM,It008,1,Jamie,in,2,in,Dine_in,,
126,ORD097,2/13/2024 7:50,2/13/2024,7:50:00 AM,It024,1,Jamie, ,1,,Unknown,,
127,ORD098,2/13/2024 7:56,2/13/2024,7:56:00 AM,It001,1,Morgan,out,3,out,Take_out,,
128,ORD099,2/13/2024 8:01,2/13/2024,8:01:00 AM,It019,1,Riley,in,2,in,Dine_in,,
129,ORD100,2/13/2024 8:06,2/13/2024,8:06:00 AM,It003,1,Cameron,out,3,out,Take_out,,
130,ORD100,2/13/2024 8:06,2/13/2024,8:06:00 AM,It027,1,Cameron, ,1,,Unknown,,
131,ORD101,2/13/2024 8:11,2/13/2024,8:11:00 AM,It022,1,Quinn,in,2,in,Dine_in,,
132,ORD102,2/13/2024 8:17,2/13/2024,8:17:00 AM,It018,1,Peyton,out,3,out,Take_out,,
133,ORD103,2/13/2024 8:22,2/13/2024,8:22:00 AM,It005,1,Brooke,in,2,in,Dine_in,,
134,ORD103,2/13/2024 8:22,2/13/2024,8:22:00 AM,It012,1,Brooke, ,1,,Unknown,,
135,ORD104,2/13/2024 8:27,2/13/2024,8:27:00 AM,It010,1,Sam,out,3,out,Take_out,,
136,ORD105,2/13/2024 8:32,2/13/2024,8:32:00 AM,It007,1,Alex,in,2,in,Dine_in,,
137,ORD106,2/13/2024 8:38,2/13/2024,8:38:00 AM,It026,1,Pat,out,3,out,Take_out,,
138,ORD106,2/13/2024 8:38,2/13/2024,8:38:00 AM,It020,1,Pat, ,1,,Unknown,,
139,ORD107,2/13/2024 8:43,2/13/2024,8:43:00 AM,It014,1,Chris,in,2,in,Dine_in,,
140,ORD108,2/13/2024 8:48,2/13/2024,8:48:00 AM,It009,1,Jordan,out,3,out,Take_out,,
141,ORD109,2/13/2024 8:53,2/13/2024,8:53:00 AM,It002,1,Taylor,in,2,in,Dine_in,,
142,ORD109,2/13/2024 8:53,2/13/2024,8:53:00 AM,It016,1,Taylor, ,1,,Unknown,,
143,ORD110,2/13/2024 8:58,2/13/2024,8:58:00 AM,It013,1,Casey,out,3,out,Take_out,,
144,ORD111,2/13/2024 9:04,2/13/2024,9:04:00 AM,It025,1,Jamie,in,2,in,Dine_in,,
145,ORD112,2/13/2024 9:09,2/13/2024,9:09:00 AM,It004,1,Morgan,out,3,out,Take_out,,
146,ORD113,2/13/2024 9:14,2/13/2024,9:14:00 AM,It021,1,Riley,in,2,in,Dine_in,,
147,ORD114,2/13/2024 9:19,2/13/2024,9:19:00 AM,It006,1,Cameron,out,3,out,Take_out,,
148,ORD115,2/13/2024 9:25,2/13/2024,9:25:00 AM,It019,1,Quinn,in,2,in,Dine_in,,
149,ORD116,2/13/2024 9:30,2/13/2024,9:30:00 AM,It003,1,Peyton,out,3,out,Take_out,,
150,ORD117,2/13/2024 9:35,2/13/2024,9:35:00 AM,It022,1,Brooke,in,2,in,Dine_in,,
151,ORD117,2/13/2024 9:35,2/13/2024,9:35:00 AM,It012,1,Brooke, ,1,,Unknown,,
152,ORD118,2/13/2024 9:40,2/13/2024,9:40:00 AM,It018,1,Sam,out,3,out,Take_out,,
153,ORD119,2/13/2024 9:46,2/13/2024,9:46:00 AM,It005,1,Alex,in,2,in,Dine_in,,
154,ORD120,2/13/2024 9:51,2/13/2024,9:51:00 AM,It026,1,Pat,out,3,out,Take_out,,
155,ORD121,2/13/2024 9:56,2/13/2024,9:56:00 AM,It014,1,Chris,in,2,in,Dine_in,,
156,ORD122,2/13/2024 10:01,2/13/2024,10:01:00 AM,It009,1,Jordan,out,3,out,Take_out,,
157,ORD123,2/13/2024 10:16,2/13/2024,10:16:00 AM,It027,1,Morgan,in,2,in,Dine_in,,
158,ORD124,2/13/2024 10:31,2/13/2024,10:31:00 AM,It005,1,Casey,out,3,out,Take_out,,
159,ORD125,2/13/2024 10:45,2/13/2024,10:45:00 AM,It014,1,Riley,in,2,in,Dine_in,,
160,ORD125,2/13/2024 10:45,2/13/2024,10:45:00 AM,It023,1,Riley, ,1,,Unknown,,
161,ORD126,2/13/2024 11:00,2/13/2024,11:00:00 AM,It018,1,Jamie,out,3,out,Take_out,,
162,ORD127,2/13/2024 11:15,2/13/2024,11:15:00 AM,It002,1,Alex,in,2,in,Dine_in,,
163,ORD128,2/13/2024 11:29,2/13/2024,11:29:00 AM,It011,1,Sam,out,3,out,Take_out,,
164,ORD129,2/13/2024 11:43,2/13/2024,11:43:00 AM,It026,1,Quinn,in,2,in,Dine_in,,
165,ORD129,2/13/2024 11:43,2/13/2024,11:43:00 AM,It020,1,Quinn, ,1,,Unknown,,
166,ORD130,2/13/2024 11:57,2/13/2024,11:57:00 AM,It008,1,Pat,out,3,out,Take_out,,
167,ORD131,2/13/2024 12:03,2/13/2024,12:03:00 PM,It022,1,Chris,in,2,in,Dine_in,,
168,ORD132,2/13/2024 12:10,2/13/2024,12:10:00 PM,It004,1,Alex,out,3,out,Take_out,,
169,ORD133,2/13/2024 12:17,2/13/2024,12:17:00 PM,It015,1,Jordan,in,2,in,Dine_in,,
170,ORD134,2/13/2024 12:24,2/13/2024,12:24:00 PM,It026,1,Morgan,out,3,out,Take_out,,
171,ORD134,2/13/2024 12:24,2/13/2024,12:24:00 PM,It018,1,Morgan, ,1,,Unknown,,
172,ORD135,2/13/2024 12:31,2/13/2024,12:31:00 PM,It007,1,Taylor,in,2,in,Dine_in,,
173,ORD136,2/13/2024 12:38,2/13/2024,12:38:00 PM,It020,1,Casey,out,3,out,Take_out,,
174,ORD137,2/13/2024 12:45,2/13/2024,12:45:00 PM,It003,1,Jamie,in,2,in,Dine_in,,
175,ORD138,2/13/2024 12:52,2/13/2024,12:52:00 PM,It016,1,Riley,out,3,out,Take_out,,
176,ORD139,2/13/2024 12:59,2/13/2024,12:59:00 PM,It009,1,Cameron,in,2,in,Dine_in,,
177,ORD139,2/13/2024 12:59,2/13/2024,12:59:00 PM,It025,1,Cameron, ,1,,Unknown,,
178,ORD140,2/13/2024 13:06,2/13/2024,1:06:00 PM,It012,1,Quinn,out,3,out,Take_out,,
179,ORD141,2/13/2024 13:13,2/13/2024,1:13:00 PM,It001,1,Peyton,in,2,in,Dine_in,,
180,ORD142,2/13/2024 13:20,2/13/2024,1:20:00 PM,It019,1,Brooke,out,3,out,Take_out,,
181,ORD143,2/13/2024 13:27,2/13/2024,1:27:00 PM,It005,1,Sam,in,2,in,Dine_in,,
182,ORD143,2/13/2024 13:27,2/13/2024,1:27:00 PM,It011,1,Sam, ,1,,Unknown,,
183,ORD144,2/13/2024 13:34,2/13/2024,1:34:00 PM,It028,1,Pat,out,3,out,Take_out,,
184,ORD145,2/13/2024 13:41,2/13/2024,1:41:00 PM,It010,1,Alex,in,2,in,Dine_in,,
185,ORD146,2/13/2024 13:48,2/13/2024,1:48:00 PM,It024,1,Chris,out,3,out,Take_out,,
186,ORD147,2/13/2024 13:55,2/13/2024,1:55:00 PM,It017,1,Jordan,in,2,in,Dine_in,,
187,ORD147,2/13/2024 13:55,2/13/2024,1:55:00 PM,It021,1,Jordan, ,1,,Unknown,,
188,ORD148,2/13/2024 14:03,2/13/2024,2:03:00 PM,It006,1,Morgan,out,3,out,Take_out,,
189,ORD149,2/13/2024 14:10,2/13/2024,2:10:00 PM,It023,1,Taylor,in,2,in,Dine_in,,
190,ORD150,2/13/2024 14:30,2/13/2024,2:30:00 PM,It002,1,Jordan,out,3,out,Take_out,,
191,ORD151,2/13/2024 14:50,2/13/2024,2:50:00 PM,It018,1,Chris,in,2,in,Dine_in,,
192,ORD152,2/13/2024 15:10,2/13/2024,3:10:00 PM,It005,1,Alex,out,3,out,Take_out,,
193,ORD153,2/13/2024 15:30,2/13/2024,3:30:00 PM,It027,1,Morgan,in,2,in,Dine_in,,
194,ORD154,2/13/2024 15:50,2/13/2024,3:50:00 PM,It011,1,Taylor,out,3,out,Take_out,,
195,ORD155,2/13/2024 16:09,2/13/2024,4:09:00 PM,It004,1,Casey,in,2,in,Dine_in,,
196,ORD155,2/13/2024 16:09,2/13/2024,4:09:00 PM,It028,1,Casey, ,1,,Unknown,,
197,ORD156,2/13/2024 16:29,2/13/2024,4:29:00 PM,It014,1,Jamie,out,3,out,Take_out,,
198,ORD157,2/13/2024 16:49,2/13/2024,4:49:00 PM,It021,1,Riley,in,2,in,Dine_in,,
199,ORD158,2/13/2024 17:00,2/13/2024,5:00:00 PM,It007,1,Cameron,out,3,out,Take_out,,
200,ORD159,2/14/2024 7:06,2/14/2024,7:06:00 AM,It001,1,Elvis,out,3,out,Take_out,,
201,ORD160,2/14/2024 7:13,2/14/2024,7:13:00 AM,It014,1,Jordan,in,2,in,Dine_in,,
202,ORD161,2/14/2024 7:20,2/14/2024,7:20:00 AM,It026,1,Chris,out,3,out,Take_out,,
203,ORD162,2/14/2024 7:27,2/14/2024,7:27:00 AM,It008,1,Alex,in,2,in,Dine_in,,
204,ORD162,2/14/2024 7:27,2/14/2024,7:27:00 AM,It022,1,Alex, ,1,,Unknown,,
205,ORD163,2/14/2024 7:34,2/14/2024,7:34:00 AM,It017,1,Morgan,out,3,out,Take_out,,
206,ORD164,2/14/2024 7:41,2/14/2024,7:41:00 AM,It005,1,Taylor,in,2,in,Dine_in,,
207,ORD165,2/14/2024 7:49,2/14/2024,7:49:00 AM,It023,1,Casey,out,3,out,Take_out,,
208,ORD166,2/14/2024 7:56,2/14/2024,7:56:00 AM,It011,1,Jamie,in,2,in,Dine_in,,
209,ORD167,2/14/2024 8:03,2/14/2024,8:03:00 AM,It019,1,Riley,out,3,out,Take_out,,
210,ORD168,2/14/2024 8:10,2/14/2024,8:10:00 AM,It003,1,Cameron,in,2,in,Dine_in,,
211,ORD169,2/14/2024 8:17,2/14/2024,8:17:00 AM,It027,1,Quinn,out,3,out,Take_out,,
212,ORD170,2/14/2024 8:24,2/14/2024,8:24:00 AM,It006,1,Peyton,in,2,in,Dine_in,,
213,ORD171,2/14/2024 8:31,2/14/2024,8:31:00 AM,It020,1,Brooke,out,3,out,Take_out,,
214,ORD172,2/14/2024 8:38,2/14/2024,8:38:00 AM,It010,1,Sam,in,2,in,Dine_in,,
215,ORD173,2/14/2024 8:45,2/14/2024,8:45:00 AM,It025,1,Pat,out,3,out,Take_out,,
216,ORD173,2/14/2024 8:45,2/14/2024,8:45:00 AM,It007,1,Pat, ,1,,Unknown,,
217,ORD174,2/14/2024 8:53,2/14/2024,8:53:00 AM,It013,1,Alex,in,2,in,Dine_in,,
218,ORD175,2/14/2024 9:00,2/14/2024,9:00:00 AM,It028,1,Jordan,out,3,out,Take_out,,
219,ORD176,2/14/2024 9:07,2/14/2024,9:07:00 AM,It004,1,Chris,in,2,in,Dine_in,,
220,ORD177,2/14/2024 9:14,2/14/2024,9:14:00 AM,It016,1,Morgan,out,3,out,Take_out,,
221,ORD178,2/14/2024 9:21,2/14/2024,9:21:00 AM,It024,1,Taylor,in,2,in,Dine_in,,
222,ORD179,2/14/2024 9:28,2/14/2024,9:28:00 AM,It012,1,Casey,out,3,out,Take_out,,
223,ORD180,2/14/2024 9:35,2/14/2024,9:35:00 AM,It009,1,Jamie,in,2,in,Dine_in,,
224,ORD181,2/14/2024 9:42,2/14/2024,9:42:00 AM,It002,1,Riley,out,3,out,Take_out,,
225,ORD182,2/14/2024 9:49,2/14/2024,9:49:00 AM,It018,1,Cameron,in,2,in,Dine_in,,
226,ORD183,2/14/2024 9:57,2/14/2024,9:57:00 AM,It021,1,Quinn,out,3,out,Take_out,,
227,ORD184,2/14/2024 10:04,2/14/2024,10:04:00 AM,It015,1,Brooke,in,2,in,Dine_in,,
228,ORD185,2/14/2024 10:21,2/14/2024,10:21:00 AM,It007,1,Sam,out,3,out,Take_out,,
229,ORD186,2/14/2024 10:38,2/14/2024,10:38:00 AM,It028,1,Pat,in,2,in,Dine_in,,
230,ORD187,2/14/2024 10:55,2/14/2024,10:55:00 AM,It001,1,Alex,out,3,out,Take_out,,
231,ORD188,2/14/2024 11:12,2/14/2024,11:12:00 AM,It024,1,Jordan,in,2,in,Dine_in,,
232,ORD189,2/14/2024 11:29,2/14/2024,11:29:00 AM,It018,1,Chris,out,3,out,Take_out,,
233,ORD189,2/14/2024 11:29,2/14/2024,11:29:00 AM,It022,1,Chris, ,1,,Unknown,,
234,ORD190,2/14/2024 11:46,2/14/2024,11:46:00 AM,It012,1,Morgan,in,2,in,Dine_in,,
235,ORD191,2/14/2024 12:03,2/14/2024,12:03:00 PM,It003,1,Taylor,out,3,out,Take_out,,
236,ORD192,2/14/2024 12:10,2/14/2024,12:10:00 PM,It016,1,Casey,in,2,in,Dine_in,,
237,ORD193,2/14/2024 12:17,2/14/2024,12:17:00 PM,It009,1,Jamie,out,3,out,Take_out,,
238,ORD194,2/14/2024 12:24,2/14/2024,12:24:00 PM,It027,1,Riley,in,2,in,Dine_in,,
239,ORD195,2/14/2024 12:31,2/14/2024,12:31:00 PM,It005,1,Cameron,out,3,out,Take_out,,
240,ORD195,2/14/2024 12:31,2/14/2024,12:31:00 PM,It011,1,Cameron, ,1,,Unknown,,
241,ORD196,2/14/2024 12:38,2/14/2024,12:38:00 PM,It014,1,Quinn,in,2,in,Dine_in,,
242,ORD197,2/14/2024 12:45,2/14/2024,12:45:00 PM,It020,1,Peyton,out,3,out,Take_out,,
243,ORD198,2/14/2024 12:52,2/14/2024,12:52:00 PM,It006,1,Brooke,in,2,in,Dine_in,,
244,ORD199,2/14/2024 13:00,2/14/2024,1:00:00 PM,It022,1,Sam,out,3,out,Take_out,,
245,ORD200,2/14/2024 13:08,2/14/2024,1:08:00 PM,It017,1,Pat,in,2,in,Dine_in,,
246,ORD201,2/14/2024 13:15,2/14/2024,1:15:00 PM,It010,1,Alex,out,3,out,Take_out,,
247,ORD202,2/14/2024 13:22,2/14/2024,1:22:00 PM,It024,1,Jordan,in,2,in,Dine_in,,
248,ORD202,2/14/2024 13:22,2/14/2024,1:22:00 PM,It008,1,Jordan, ,1,,Unknown,,
249,ORD203,2/14/2024 13:29,2/14/2024,1:29:00 PM,It001,1,Chris,out,3,out,Take_out,,
250,ORD204,2/14/2024 13:36,2/14/2024,1:36:00 PM,It019,1,Morgan,in,2,in,Dine_in,,
251,ORD205,2/14/2024 13:43,2/14/2024,1:43:00 PM,It013,1,Taylor,out,3,out,Take_out,,
252,ORD206,2/14/2024 13:50,2/14/2024,1:50:00 PM,It026,1,Casey,in,2,in,Dine_in,,
253,ORD207,2/14/2024 13:57,2/14/2024,1:57:00 PM,It004,1,Jamie,out,3,out,Take_out,,
254,ORD208,2/14/2024 14:05,2/14/2024,2:05:00 PM,It021,1,Riley,in,2,in,Dine_in,,
255,ORD208,2/14/2024 14:05,2/14/2024,2:05:00 PM,It002,1,Riley, ,1,,Unknown,,
256,ORD209,2/14/2024 14:12,2/14/2024,2:12:00 PM,It018,1,Cameron,out,3,out,Take_out,,
257,ORD210,2/14/2024 14:19,2/14/2024,2:19:00 PM,It025,1,Quinn,in,2,in,Dine_in,,
258,ORD211,2/14/2024 14:26,2/14/2024,2:26:00 PM,It007,1,Peyton,out,3,out,Take_out,,
259,ORD212,2/14/2024 14:33,2/14/2024,2:33:00 PM,It012,1,Brooke,in,2,in,Dine_in,,
260,ORD213,2/14/2024 14:40,2/14/2024,2:40:00 PM,It028,1,Sam,out,3,out,Take_out,,
261,ORD214,2/14/2024 14:47,2/14/2024,2:47:00 PM,It015,1,Pat,in,2,in,Dine_in,,
262,ORD215,2/14/2024 15:04,2/14/2024,3:04:00 PM,It002,1,Alex,out,3,out,Take_out,,
263,ORD216,2/14/2024 15:22,2/14/2024,3:22:00 PM,It024,1,Jordan,in,2,in,Dine_in,,
264,ORD217,2/14/2024 15:41,2/14/2024,3:41:00 PM,It018,1,Chris,out,3,out,Take_out,,
265,ORD218,2/14/2024 15:59,2/14/2024,3:59:00 PM,It011,1,Morgan,in,2,in,Dine_in,,
266,ORD219,2/14/2024 16:17,2/14/2024,4:17:00 PM,It005,1,Taylor,out,3,out,Take_out,,
267,ORD220,2/14/2024 16:35,2/14/2024,4:35:00 PM,It017,1,Casey,in,2,in,Dine_in,,
268,ORD221,2/14/2024 16:53,2/14/2024,4:53:00 PM,It009,1,Jamie,out,3,out,Take_out,,
269,ORD222,2/14/2024 17:00,2/14/2024,5:00:00 PM,It026,1,Riley,in,2,in,Dine_in,,
270,ORD223,2/15/2024 7:02,2/15/2024,7:02:00 AM,It003,1,Anna,out,3,out,Take_out,,
271,ORD224,2/15/2024 7:09,2/15/2024,7:09:00 AM,It017,1,Bob,in,2,in,Dine_in,,
272,ORD224,2/15/2024 7:09,2/15/2024,7:09:00 AM,It021,1,Bob, ,1,,Unknown,,
273,ORD225,2/15/2024 7:16,2/15/2024,7:16:00 AM,It006,1,Carol,out,3,out,Take_out,,
274,ORD226,2/15/2024 7:23,2/15/2024,7:23:00 AM,It028,1,Dave,in,2,in,Dine_in,,
275,ORD227,2/15/2024 7:30,2/15/2024,7:30:00 AM,It011,1,Eve,out,3,out,Take_out,,
276,ORD227,2/15/2024 7:30,2/15/2024,7:30:00 AM,It014,1,Eve, ,1,,Unknown,,
277,ORD228,2/15/2024 7:37,2/15/2024,7:37:00 AM,It001,1,Frank,in,2,in,Dine_in,,
278,ORD229,2/15/2024 7:44,2/15/2024,7:44:00 AM,It019,1,Grace,out,3,out,Take_out,,
279,ORD230,2/15/2024 7:52,2/15/2024,7:52:00 AM,It024,1,Helen,in,2,in,Dine_in,,
280,ORD231,2/15/2024 7:59,2/15/2024,7:59:00 AM,It005,1,Ian,out,3,out,Take_out,,
281,ORD231,2/15/2024 7:59,2/15/2024,7:59:00 AM,It008,1,Ian, ,1,,Unknown,,
282,ORD232,2/15/2024 8:06,2/15/2024,8:06:00 AM,It010,1,Jenny,in,2,in,Dine_in,,
283,ORD233,2/15/2024 8:13,2/15/2024,8:13:00 AM,It013,1,Kyle,out,3,out,Take_out,,
284,ORD234,2/15/2024 8:20,2/15/2024,8:20:00 AM,It016,1,Laura,in,2,in,Dine_in,,
285,ORD234,2/15/2024 8:20,2/15/2024,8:20:00 AM,It022,1,Laura, ,1,,Unknown,,
286,ORD235,2/15/2024 8:27,2/15/2024,8:27:00 AM,It025,1,Mike,out,3,out,Take_out,,
287,ORD236,2/15/2024 8:34,2/15/2024,8:34:00 AM,It007,1,Nina,in,2,in,Dine_in,,
288,ORD237,2/15/2024 8:41,2/15/2024,8:41:00 AM,It018,1,Oscar,out,3,out,Take_out,,
289,ORD238,2/15/2024 8:48,2/15/2024,8:48:00 AM,It004,1,Paula,in,2,in,Dine_in,,
290,ORD238,2/15/2024 8:48,2/15/2024,8:48:00 AM,It027,1,Paula, ,1,,Unknown,,
291,ORD239,2/15/2024 8:56,2/15/2024,8:56:00 AM,It009,1,Quinn,out,3,out,Take_out,,
292,ORD240,2/15/2024 9:03,2/15/2024,9:03:00 AM,It002,1,Rachel,in,2,in,Dine_in,,
293,ORD241,2/15/2024 9:10,2/15/2024,9:10:00 AM,It020,1,Steve,out,3,out,Take_out,,
294,ORD242,2/15/2024 9:17,2/15/2024,9:17:00 AM,It012,1,Tina,in,2,in,Dine_in,,
295,ORD243,2/15/2024 9:24,2/15/2024,9:24:00 AM,It015,1,Umar,out,3,out,Take_out,,
296,ORD243,2/15/2024 9:24,2/15/2024,9:24:00 AM,It026,1,Umar, ,1,,Unknown,,
297,ORD244,2/15/2024 9:31,2/15/2024,9:31:00 AM,It023,1,Victor,in,2,in,Dine_in,,
298,ORD245,2/15/2024 9:38,2/15/2024,9:38:00 AM,It008,1,Wendy,out,3,out,Take_out,,
299,ORD246,2/15/2024 9:48,2/15/2024,9:48:00 AM,It012,1,Alice,in,2,in,Dine_in,,
300,ORD247,2/15/2024 10:04,2/15/2024,10:04:00 AM,It021,1,Bob,out,3,out,Take_out,,
301,ORD248,2/15/2024 10:20,2/15/2024,10:20:00 AM,It004,1,Charlie,in,2,in,Dine_in,,
302,ORD249,2/15/2024 10:36,2/15/2024,10:36:00 AM,It027,1,Dana,out,3,out,Take_out,,
303,ORD250,2/15/2024 10:52,2/15/2024,10:52:00 AM,It009,1,Evan,in,2,in,Dine_in,,
304,ORD251,2/15/2024 11:08,2/15/2024,11:08:00 AM,It018,1,Fiona,out,3,out,Take_out,,
305,ORD251,2/15/2024 11:08,2/15/2024,11:08:00 AM,It022,1,Fiona, ,1,,Unknown,,
306,ORD252,2/15/2024 11:24,2/15/2024,11:24:00 AM,It006,1,George,in,2,in,Dine_in,,
307,ORD253,2/15/2024 11:40,2/15/2024,11:40:00 AM,It016,1,Hannah,out,3,out,Take_out,,
308,ORD254,2/15/2024 11:56,2/15/2024,11:56:00 AM,It001,1,Ian,in,2,in,Dine_in,,
309,ORD255,2/15/2024 12:06,2/15/2024,12:06:00 PM,It007,1,Jake,out,3,out,Take_out,,
310,ORD256,2/15/2024 12:12,2/15/2024,12:12:00 PM,It019,1,Karen,in,2,in,Dine_in,,
311,ORD256,2/15/2024 12:12,2/15/2024,12:12:00 PM,It023,1,Karen, ,1,,Unknown,,
312,ORD257,2/15/2024 12:18,2/15/2024,12:18:00 PM,It002,1,Leo,out,3,out,Take_out,,
313,ORD258,2/15/2024 12:24,2/15/2024,12:24:00 PM,It015,1,Mia,in,2,in,Dine_in,,
314,ORD259,2/15/2024 12:30,2/15/2024,12:30:00 PM,It010,1,Noah,out,3,out,Take_out,,
315,ORD260,2/15/2024 12:36,2/15/2024,12:36:00 PM,It026,1,Olivia,in,2,in,Dine_in,,
316,ORD261,2/15/2024 12:42,2/15/2024,12:42:00 PM,It005,1,Paul,out,3,out,Take_out,,
317,ORD262,2/15/2024 12:48,2/15/2024,12:48:00 PM,It013,1,Quinn,in,2,in,Dine_in,,
318,ORD263,2/15/2024 12:54,2/15/2024,12:54:00 PM,It020,1,Riley,out,3,out,Take_out,,
319,ORD263,2/15/2024 12:54,2/15/2024,12:54:00 PM,It008,1,Riley, ,1,,Unknown,,
320,ORD264,2/15/2024 13:00,2/15/2024,1:00:00 PM,It024,1,Sam,in,2,in,Dine_in,,
321,ORD265,2/15/2024 13:06,2/15/2024,1:06:00 PM,It011,1,Tina,out,3,out,Take_out,,
322,ORD266,2/15/2024 13:12,2/15/2024,1:12:00 PM,It017,1,Umar,in,2,in,Dine_in,,
323,ORD267,2/15/2024 13:18,2/15/2024,1:18:00 PM,It003,1,Victor,out,3,out,Take_out,,
324,ORD268,2/15/2024 13:24,2/15/2024,1:24:00 PM,It014,1,Wendy,in,2,in,Dine_in,,
325,ORD269,2/15/2024 13:30,2/15/2024,1:30:00 PM,It001,1,Xavier,out,3,out,Take_out,,
326,ORD270,2/15/2024 13:36,2/15/2024,1:36:00 PM,It009,1,Yara,in,2,in,Dine_in,,
327,ORD271,2/15/2024 13:42,2/15/2024,1:42:00 PM,It018,1,Zoe,out,3,out,Take_out,,
328,ORD272,2/15/2024 13:48,2/15/2024,1:48:00 PM,It004,1,Amy,in,2,in,Dine_in,,
329,ORD272,2/15/2024 13:48,2/15/2024,1:48:00 PM,It028,1,Amy, ,1,,Unknown,,
330,ORD273,2/15/2024 13:54,2/15/2024,1:54:00 PM,It021,1,Brad,out,3,out,Take_out,,
331,ORD274,2/15/2024 14:00,2/15/2024,2:00:00 PM,It006,1,Cindy,in,2,in,Dine_in,,
332,ORD275,2/15/2024 14:06,2/15/2024,2:06:00 PM,It022,1,Derek,out,3,out,Take_out,,
333,ORD276,2/15/2024 14:12,2/15/2024,2:12:00 PM,It012,1,Eliza,in,2,in,Dine_in,,
334,ORD277,2/15/2024 14:18,2/15/2024,2:18:00 PM,It027,1,Frank,out,3,out,Take_out,,
335,ORD278,2/15/2024 14:24,2/15/2024,2:24:00 PM,It016,1,Gigi,in,2,in,Dine_in,,
336,ORD279,2/15/2024 14:30,2/15/2024,2:30:00 PM,It025,1,Hugo,out,3,out,Take_out,,
337,ORD280,2/15/2024 14:36,2/15/2024,2:36:00 PM,It008,1,Ivy,in,2,in,Dine_in,,
338,ORD281,2/15/2024 14:52,2/15/2024,2:52:00 PM,It002,1,Jake,out,3,out,Take_out,,
339,ORD282,2/15/2024 15:08,2/15/2024,3:08:00 PM,It017,1,Kara,in,2,in,Dine_in,,
340,ORD283,2/15/2024 15:24,2/15/2024,3:24:00 PM,It011,1,Liam,out,3,out,Take_out,,
341,ORD284,2/15/2024 15:40,2/15/2024,3:40:00 PM,It024,1,Mia,in,2,in,Dine_in,,
342,ORD285,2/15/2024 15:56,2/15/2024,3:56:00 PM,It005,1,Noel,out,3,out,Take_out,,
343,ORD286,2/15/2024 16:12,2/15/2024,4:12:00 PM,It020,1,Ophelia,in,2,in,Dine_in,,
344,ORD287,2/15/2024 16:28,2/15/2024,4:28:00 PM,It014,1,Pablo,out,3,out,Take_out,,
345,ORD288,2/15/2024 16:44,2/15/2024,4:44:00 PM,It027,1,Quinn,in,2,in,Dine_in,,
346,ORD289,2/15/2024 17:00,2/15/2024,5:00:00 PM,It009,1,Rita,out,3,out,Take_out,,
347,ORD290,2/16/2024 7:08,2/16/2024,7:08:00 AM,It005,1,Sarah,out,3,out,Take_out,,
348,ORD291,2/16/2024 7:15,2/16/2024,7:15:00 AM,It012,1,Mike,in,2,in,Dine_in,,
349,ORD292,2/16/2024 7:22,2/16/2024,7:22:00 AM,It018,1,Lucy, ,1,,Unknown,,
350,ORD292,2/16/2024 7:22,2/16/2024,7:22:00 AM,It022,1,Lucy,out,3,out,Take_out,,
351,ORD293,2/16/2024 7:29,2/16/2024,7:29:00 AM,It004,1,Tony,in,2,in,Dine_in,,
352,ORD294,2/16/2024 7:36,2/16/2024,7:36:00 AM,It027,1,Fiona,out,3,out,Take_out,,
353,ORD295,2/16/2024 7:43,2/16/2024,7:43:00 AM,It011,1,Greg,in,2,in,Dine_in,,
354,ORD296,2/16/2024 7:51,2/16/2024,7:51:00 AM,It015,1,Hannah,out,3,out,Take_out,,
355,ORD297,2/16/2024 7:58,2/16/2024,7:58:00 AM,It001,1,Ivan,in,2,in,Dine_in,,
356,ORD297,2/16/2024 7:58,2/16/2024,7:58:00 AM,It006,1,Ivan, ,1,,Unknown,,
357,ORD298,2/16/2024 8:05,2/16/2024,8:05:00 AM,It019,1,Julia,out,3,out,Take_out,,
358,ORD299,2/16/2024 8:12,2/16/2024,8:12:00 AM,It023,1,Karl,in,2,in,Dine_in,,
359,ORD300,2/16/2024 8:19,2/16/2024,8:19:00 AM,It009,1,Leah,out,3,out,Take_out,,
360,ORD301,2/16/2024 8:26,2/16/2024,8:26:00 AM,It003,1,Max,in,2,in,Dine_in,,
361,ORD301,2/16/2024 8:26,2/16/2024,8:26:00 AM,It020,1,Max, ,1,,Unknown,,
362,ORD302,2/16/2024 8:33,2/16/2024,8:33:00 AM,It007,1,Nora,out,3,out,Take_out,,
363,ORD303,2/16/2024 8:40,2/16/2024,8:40:00 AM,It013,1,Oscar,in,2,in,Dine_in,,
364,ORD304,2/16/2024 8:48,2/16/2024,8:48:00 AM,It026,1,Paula,out,3,out,Take_out,,
365,ORD305,2/16/2024 8:55,2/16/2024,8:55:00 AM,It010,1,Quinn,in,2,in,Dine_in,,
366,ORD306,2/16/2024 9:02,2/16/2024,9:02:00 AM,It008,1,Rita,out,3,out,Take_out,,
367,ORD307,2/16/2024 9:09,2/16/2024,9:09:00 AM,It002,1,Steve,in,2,in,Dine_in,,
368,ORD307,2/16/2024 9:09,2/16/2024,9:09:00 AM,It014,1,Steve, ,1,,Unknown,,
369,ORD308,2/16/2024 9:16,2/16/2024,9:16:00 AM,It017,1,Tina,out,3,out,Take_out,,
370,ORD309,2/16/2024 9:23,2/16/2024,9:23:00 AM,It024,1,Uma,in,2,in,Dine_in,,
371,ORD310,2/16/2024 9:30,2/16/2024,9:30:00 AM,It021,1,Victor,out,3,out,Take_out,,
372,ORD311,2/16/2024 9:38,2/16/2024,9:38:00 AM,It016,1,Wendy,in,2,in,Dine_in,,
373,ORD312,2/16/2024 9:45,2/16/2024,9:45:00 AM,It028,1,Xander,out,3,out,Take_out,,
374,ORD313,2/16/2024 9:52,2/16/2024,9:52:00 AM,It025,1,Yara,in,2,in,Dine_in,,
375,ORD314,2/16/2024 9:59,2/16/2024,9:59:00 AM,It001,1,Zack,out,3,out,Take_out,,
376,ORD315,2/16/2024 10:05,2/16/2024,10:05:00 AM,It003,1,Alice,in,2,in,Dine_in,,
377,ORD316,2/16/2024 10:21,2/16/2024,10:21:00 AM,It020,1,Ben,out,3,out,Take_out,,
378,ORD317,2/16/2024 10:38,2/16/2024,10:38:00 AM,It008,1,Carla,in,2,in,Dine_in,,
379,ORD318,2/16/2024 10:54,2/16/2024,10:54:00 AM,It017,1,David,out,3,out,Take_out,,
380,ORD318,2/16/2024 10:54,2/16/2024,10:54:00 AM,It025,1,David, ,1,,Unknown,,
381,ORD319,2/16/2024 11:10,2/16/2024,11:10:00 AM,It012,1,Elena,in,2,in,Dine_in,,
382,ORD320,2/16/2024 11:26,2/16/2024,11:26:00 AM,It006,1,Frank,out,3,out,Take_out,,
383,ORD321,2/16/2024 11:43,2/16/2024,11:43:00 AM,It024,1,Gina,in,2,in,Dine_in,,
384,ORD322,2/16/2024 11:59,2/16/2024,11:59:00 AM,It011,1,Harry,out,3,out,Take_out,,
385,ORD323,2/16/2024 12:06,2/16/2024,12:06:00 PM,It022,1,Iris,in,2,in,Dine_in,,
386,ORD324,2/16/2024 12:12,2/16/2024,12:12:00 PM,It005,1,Jack,out,3,out,Take_out,,
387,ORD325,2/16/2024 12:19,2/16/2024,12:19:00 PM,It009,1,Kiera,in,2,in,Dine_in,,
388,ORD325,2/16/2024 12:19,2/16/2024,12:19:00 PM,It013,1,Kiera, ,1,,Unknown,,
389,ORD326,2/16/2024 12:25,2/16/2024,12:25:00 PM,It018,1,Luke,out,3,out,Take_out,,
390,ORD327,2/16/2024 12:32,2/16/2024,12:32:00 PM,It001,1,Mia,in,2,in,Dine_in,,
391,ORD328,2/16/2024 12:38,2/16/2024,12:38:00 PM,It026,1,Nia,out,3,out,Take_out,,
392,ORD329,2/16/2024 12:45,2/16/2024,12:45:00 PM,It004,1,Oscar,in,2,in,Dine_in,,
393,ORD330,2/16/2024 12:51,2/16/2024,12:51:00 PM,It010,1,Priya,out,3,out,Take_out,,
394,ORD331,2/16/2024 12:58,2/16/2024,12:58:00 PM,It017,1,Quinn,in,2,in,Dine_in,,
395,ORD331,2/16/2024 12:58,2/16/2024,12:58:00 PM,It023,1,Quinn, ,1,,Unknown,,
396,ORD332,2/16/2024 13:04,2/16/2024,1:04:00 PM,It006,1,Ravi,out,3,out,Take_out,,
397,ORD333,2/16/2024 13:11,2/16/2024,1:11:00 PM,It014,1,Sarah,in,2,in,Dine_in,,
398,ORD334,2/16/2024 13:17,2/16/2024,1:17:00 PM,It027,1,Tim,out,3,out,Take_out,,
399,ORD335,2/16/2024 13:24,2/16/2024,1:24:00 PM,It008,1,Uma,in,2,in,Dine_in,,
400,ORD336,2/16/2024 13:30,2/16/2024,1:30:00 PM,It020,1,Vicky,out,3,out,Take_out,,
401,ORD337,2/16/2024 13:37,2/16/2024,1:37:00 PM,It012,1,Wendy,in,2,in,Dine_in,,
402,ORD338,2/16/2024 13:43,2/16/2024,1:43:00 PM,It019,1,Xian,out,3,out,Take_out,,
403,ORD339,2/16/2024 13:50,2/16/2024,1:50:00 PM,It003,1,Yara,in,2,in,Dine_in,,
404,ORD340,2/16/2024 13:56,2/16/2024,1:56:00 PM,It007,1,Zack,out,3,out,Take_out,,
405,ORD341,2/16/2024 14:03,2/16/2024,2:03:00 PM,It015,1,Amelia,in,2,in,Dine_in,,
406,ORD341,2/16/2024 14:03,2/16/2024,2:03:00 PM,It024,1,Amelia, ,1,,Unknown,,
407,ORD342,2/16/2024 14:09,2/16/2024,2:09:00 PM,It002,1,Brad,out,3,out,Take_out,,
408,ORD343,2/16/2024 14:16,2/16/2024,2:16:00 PM,It021,1,Cindy,in,2,in,Dine_in,,
409,ORD344,2/16/2024 14:22,2/16/2024,2:22:00 PM,It011,1,Derek,out,3,out,Take_out,,
410,ORD345,2/16/2024 14:29,2/16/2024,2:29:00 PM,It028,1,Eliza,in,2,in,Dine_in,,
411,ORD346,2/16/2024 14:35,2/16/2024,2:35:00 PM,It016,1,Faisal,out,3,out,Take_out,,
412,ORD347,2/16/2024 14:42,2/16/2024,2:42:00 PM,It005,1,Georgia,in,2,in,Dine_in,,
413,ORD348,2/16/2024 14:48,2/16/2024,2:48:00 PM,It022,1,Haris,out,3,out,Take_out,,
414,ORD349,2/16/2024 14:55,2/16/2024,2:55:00 PM,It009,1,Ida,in,2,in,Dine_in,,
415,ORD350,2/16/2024 15:01,2/16/2024,3:01:00 PM,It025,1,Jaya,out,3,out,Take_out,,
416,ORD351,2/16/2024 15:08,2/16/2024,3:08:00 PM,It018,1,Kurt,in,2,in,Dine_in,,
417,ORD352,2/16/2024 15:14,2/16/2024,3:14:00 PM,It003,1,Lana,out,3,out,Take_out,,
418,ORD353,2/16/2024 15:21,2/16/2024,3:21:00 PM,It014,1,Moe,in,2,in,Dine_in,,
419,ORD354,2/16/2024 15:34,2/16/2024,3:34:00 PM,It022,1,Ian,out,3,out,Take_out,,
420,ORD355,2/16/2024 15:54,2/16/2024,3:54:00 PM,It009,1,Jenna,in,2,in,Dine_in,,
421,ORD356,2/16/2024 16:14,2/16/2024,4:14:00 PM,It005,1,Keith,out,3,out,Take_out,,
422,ORD357,2/16/2024 16:34,2/16/2024,4:34:00 PM,It018,1,Lila,in,2,in,Dine_in,,
423,ORD358,2/16/2024 16:54,2/16/2024,4:54:00 PM,It001,1,Mason,out,3,out,Take_out,,
424,ORD359,2/16/2024 17:00,2/16/2024,5:00:00 PM,It014,1,Nora,in,2,in,Dine_in,,
425,ORD360,2/17/2024 7:03,2/17/2024,7:03:00 AM,It001,1,Susie,in,2,in,Dine_in,,
426,ORD361,2/17/2024 7:08,2/17/2024,7:08:00 AM,It017,1,Tom,out,3,out,Take_out,,
427,ORD361,2/17/2024 7:08,2/17/2024,7:08:00 AM,It023,1,Tom, ,1,,Unknown,,
428,ORD362,2/17/2024 7:13,2/17/2024,7:13:00 AM,It004,1,Ulla,in,2,in,Dine_in,,
429,ORD363,2/17/2024 7:18,2/17/2024,7:18:00 AM,It026,1,Victor,out,3,out,Take_out,,
430,ORD363,2/17/2024 7:18,2/17/2024,7:18:00 AM,It020,1,Victor, ,1,,Unknown,,
431,ORD364,2/17/2024 7:23,2/17/2024,7:23:00 AM,It009,1,Wendy,in,2,in,Dine_in,,
432,ORD365,2/17/2024 7:28,2/17/2024,7:28:00 AM,It014,1,Xavier,out,3,out,Take_out,,
433,ORD365,2/17/2024 7:28,2/17/2024,7:28:00 AM,It007,1,Xavier, ,1,,Unknown,,
434,ORD366,2/17/2024 7:34,2/17/2024,7:34:00 AM,It022,1,Yara,in,2,in,Dine_in,,
435,ORD367,2/17/2024 7:39,2/17/2024,7:39:00 AM,It005,1,Zoe,out,3,out,Take_out,,
436,ORD368,2/17/2024 7:44,2/17/2024,7:44:00 AM,It012,1,Amy,in,2,in,Dine_in,,
437,ORD368,2/17/2024 7:44,2/17/2024,7:44:00 AM,It018,1,Amy, ,1,,Unknown,,
438,ORD369,2/17/2024 7:49,2/17/2024,7:49:00 AM,It027,1,Ben,out,3,out,Take_out,,
439,ORD370,2/17/2024 7:54,2/17/2024,7:54:00 AM,It003,1,Cara,in,2,in,Dine_in,,
440,ORD371,2/17/2024 7:59,2/17/2024,7:59:00 AM,It016,1,Dan,out,3,out,Take_out,,
441,ORD371,2/17/2024 7:59,2/17/2024,7:59:00 AM,It008,1,Dan, ,1,,Unknown,,
442,ORD372,2/17/2024 8:04,2/17/2024,8:04:00 AM,It011,1,Eve,in,2,in,Dine_in,,
443,ORD373,2/17/2024 8:10,2/17/2024,8:10:00 AM,It024,1,Finn,out,3,out,Take_out,,
444,ORD374,2/17/2024 8:15,2/17/2024,8:15:00 AM,It006,1,Gia,in,2,in,Dine_in,,
445,ORD374,2/17/2024 8:15,2/17/2024,8:15:00 AM,It021,1,Gia, ,1,,Unknown,,
446,ORD375,2/17/2024 8:20,2/17/2024,8:20:00 AM,It010,1,Hal,out,3,out,Take_out,,
447,ORD376,2/17/2024 8:25,2/17/2024,8:25:00 AM,It025,1,Ida,in,2,in,Dine_in,,
448,ORD377,2/17/2024 8:30,2/17/2024,8:30:00 AM,It013,1,Jed,out,3,out,Take_out,,
449,ORD377,2/17/2024 8:30,2/17/2024,8:30:00 AM,It019,1,Jed, ,1,,Unknown,,
450,ORD378,2/17/2024 8:35,2/17/2024,8:35:00 AM,It002,1,Kip,in,2,in,Dine_in,,
451,ORD379,2/17/2024 8:40,2/17/2024,8:40:00 AM,It028,1,Lia,out,3,out,Take_out,,
452,ORD380,2/17/2024 8:45,2/17/2024,8:45:00 AM,It015,1,Moe,in,2,in,Dine_in,,
453,ORD381,2/17/2024 8:51,2/17/2024,8:51:00 AM,It007,1,Nia,out,3,out,Take_out,,
454,ORD381,2/17/2024 8:51,2/17/2024,8:51:00 AM,It023,1,Nia, ,1,,Unknown,,
455,ORD382,2/17/2024 8:56,2/17/2024,8:56:00 AM,It001,1,Oli,in,2,in,Dine_in,,
456,ORD383,2/17/2024 9:01,2/17/2024,9:01:00 AM,It017,1,Pam,out,3,out,Take_out,,
457,ORD384,2/17/2024 9:06,2/17/2024,9:06:00 AM,It004,1,Quin,in,2,in,Dine_in,,
458,ORD384,2/17/2024 9:06,2/17/2024,9:06:00 AM,It020,1,Quin, ,1,,Unknown,,
459,ORD385,2/17/2024 9:11,2/17/2024,9:11:00 AM,It009,1,Rae,out,3,out,Take_out,,
460,ORD386,2/17/2024 9:16,2/17/2024,9:16:00 AM,It026,1,Sam,in,2,in,Dine_in,,
461,ORD387,2/17/2024 9:21,2/17/2024,9:21:00 AM,It012,1,Ty,out,3,out,Take_out,,
462,ORD388,2/17/2024 9:27,2/17/2024,9:27:00 AM,It018,1,Uma,in,2,in,Dine_in,,
463,ORD388,2/17/2024 9:27,2/17/2024,9:27:00 AM,It022,1,Uma, ,1,,Unknown,,
464,ORD389,2/17/2024 9:32,2/17/2024,9:32:00 AM,It005,1,Val,out,3,out,Take_out,,
465,ORD390,2/17/2024 9:37,2/17/2024,9:37:00 AM,It011,1,Wes,in,2,in,Dine_in,,
466,ORD391,2/17/2024 9:42,2/17/2024,9:42:00 AM,It027,1,Xi,out,3,out,Take_out,,
467,ORD392,2/17/2024 9:47,2/17/2024,9:47:00 AM,It003,1,Yol,in,2,in,Dine_in,,
468,ORD393,2/17/2024 9:52,2/17/2024,9:52:00 AM,It016,1,Zed,out,3,out,Take_out,,
469,ORD393,2/17/2024 9:52,2/17/2024,9:52:00 AM,It024,1,Zed, ,1,,Unknown,,
470,ORD394,2/17/2024 9:57,2/17/2024,9:57:00 AM,It008,1,Amy,in,2,in,Dine_in,,
471,ORD394,2/17/2024 10:08,2/17/2024,10:08:00 AM,It016,1,Zack, ,1,,Unknown,,
472,ORD395,2/17/2024 10:24,2/17/2024,10:24:00 AM,It024,1,Alex,in,2,in,Dine_in,,
473,ORD395,2/17/2024 10:24,2/17/2024,10:24:00 AM,It008,1,Alex, ,1,,Unknown,,
474,ORD396,2/17/2024 10:40,2/17/2024,10:40:00 AM,It002,1,Brooke,out,3,out,Take_out,,
475,ORD397,2/17/2024 10:56,2/17/2024,10:56:00 AM,It010,1,Charles,in,2,in,Dine_in,,
476,ORD398,2/17/2024 11:12,2/17/2024,11:12:00 AM,It005,1,Dana,out,3,out,Take_out,,
477,ORD399,2/17/2024 11:28,2/17/2024,11:28:00 AM,It027,1,Evan,in,2,in,Dine_in,,
478,ORD400,2/17/2024 11:44,2/17/2024,11:44:00 AM,It013,1,Fiona,out,3,out,Take_out,,
479,ORD401,2/17/2024 12:00,2/17/2024,12:00:00 PM,It021,1,George,in,2,in,Dine_in,,
480,ORD402,2/17/2024 12:16,2/17/2024,12:16:00 PM,It017,1,Heidi,out,3,out,Take_out,,
481,ORD403,2/17/2024 12:00,2/17/2024,12:00:00 PM,It022,1,Ivy,in,2,in,Dine_in,,
482,ORD404,2/17/2024 12:07,2/17/2024,12:07:00 PM,It004,1,Jack,out,3,out,Take_out,,
483,ORD404,2/17/2024 12:07,2/17/2024,12:07:00 PM,It006,1,Jack, ,1,,Unknown,,
484,ORD405,2/17/2024 12:14,2/17/2024,12:14:00 PM,It018,1,Kiera,in,2,in,Dine_in,,
485,ORD406,2/17/2024 12:21,2/17/2024,12:21:00 PM,It011,1,Leo,out,3,out,Take_out,,
486,ORD407,2/17/2024 12:28,2/17/2024,12:28:00 PM,It023,1,Mia,in,2,in,Dine_in,,
487,ORD407,2/17/2024 12:28,2/17/2024,12:28:00 PM,It025,1,Mia, ,1,,Unknown,,
488,ORD408,2/17/2024 12:35,2/17/2024,12:35:00 PM,It009,1,Noah,out,3,out,Take_out,,
489,ORD409,2/17/2024 12:42,2/17/2024,12:42:00 PM,It015,1,Olivia,in,2,in,Dine_in,,
490,ORD410,2/17/2024 12:49,2/17/2024,12:49:00 PM,It027,1,Pete,out,3,out,Take_out,,
491,ORD411,2/17/2024 12:56,2/17/2024,12:56:00 PM,It003,1,Quinn,in,2,in,Dine_in,,
492,ORD412,2/17/2024 13:03,2/17/2024,1:03:00 PM,It020,1,Rachel,out,3,out,Take_out,,
493,ORD412,2/17/2024 13:03,2/17/2024,1:03:00 PM,It014,1,Rachel, ,1,,Unknown,,
494,ORD413,2/17/2024 13:10,2/17/2024,1:10:00 PM,It001,1,Sam,in,2,in,Dine_in,,
495,ORD414,2/17/2024 13:17,2/17/2024,1:17:00 PM,It008,1,Tina,out,3,out,Take_out,,
496,ORD415,2/17/2024 13:24,2/17/2024,1:24:00 PM,It017,1,Umar,in,2,in,Dine_in,,
497,ORD416,2/17/2024 13:31,2/17/2024,1:31:00 PM,It005,1,Vivian,out,3,out,Take_out,,
498,ORD417,2/17/2024 13:38,2/17/2024,1:38:00 PM,It012,1,Wendy,in,2,in,Dine_in,,
499,ORD417,2/17/2024 13:38,2/17/2024,1:38:00 PM,It024,1,Wendy, ,1,,Unknown,,
500,ORD418,2/17/2024 13:45,2/17/2024,1:45:00 PM,It010,1,Xavier,out,3,out,Take_out,,
501,ORD419,2/17/2024 13:52,2/17/2024,1:52:00 PM,It026,1,Yolanda,in,2,in,Dine_in,,
502,ORD420,2/17/2024 13:59,2/17/2024,1:59:00 PM,It019,1,Zack,out,3,out,Take_out,,
503,ORD421,2/17/2024 14:06,2/17/2024,2:06:00 PM,It007,1,Amelia,in,2,in,Dine_in,,
504,ORD422,2/17/2024 14:13,2/17/2024,2:13:00 PM,It002,1,Brad,out,3,out,Take_out,,
505,ORD423,2/17/2024 14:20,2/17/2024,2:20:00 PM,It013,1,Chloe,in,2,in,Dine_in,,
506,ORD424,2/17/2024 14:27,2/17/2024,2:27:00 PM,It021,1,Derek,out,3,out,Take_out,,
507,ORD424,2/17/2024 14:27,2/17/2024,2:27:00 PM,It016,1,Derek, ,1,,Unknown,,
508,ORD425,2/17/2024 14:34,2/17/2024,2:34:00 PM,It028,1,Eva,in,2,in,Dine_in,,
509,ORD426,2/17/2024 14:41,2/17/2024,2:41:00 PM,It009,1,Fred,out,3,out,Take_out,,
510,ORD427,2/17/2024 14:48,2/17/2024,2:48:00 PM,It006,1,Gina,in,2,in,Dine_in,,
511,ORD428,2/17/2024 14:55,2/17/2024,2:55:00 PM,It023,1,Hugh,out,3,out,Take_out,,
512,ORD429,2/17/2024 15:02,2/17/2024,3:02:00 PM,It018,1,Iris,in,2,in,Dine_in,,
513,ORD429,2/17/2024 15:02,2/17/2024,3:02:00 PM,It011,1,Iris, ,1,,Unknown,,
514,ORD430,2/17/2024 15:23,2/17/2024,3:23:00 PM,It015,1,Liam,out,3,out,Take_out,,
515,ORD431,2/17/2024 15:39,2/17/2024,3:39:00 PM,It027,1,Mia,in,2,in,Dine_in,,
516,ORD432,2/17/2024 15:55,2/17/2024,3:55:00 PM,It009,1,Fred,out,3,out,Take_out,,
517,ORD433,2/17/2024 16:11,2/17/2024,4:11:00 PM,It023,1,Gina,in,2,in,Dine_in,,
518,ORD434,2/17/2024 16:27,2/17/2024,4:27:00 PM,It006,1,Hugh,out,3,out,Take_out,,
519,ORD435,2/17/2024 16:43,2/17/2024,4:43:00 PM,It018,1,Iris,in,2,in,Dine_in,,
520,ORD436,2/17/2024 16:59,2/17/2024,4:59:00 PM,It002,1,Jack,out,3,out,Take_out,,
521,ORD437,2/17/2024 17:00,2/17/2024,5:00:00 PM,It026,1,Kiera,in,2,in,Dine_in,,
,,,,,,,,,,,,,
,,,,,,,,,,,,,
,,,,,,,,,,,,,
,,,,,,,,,,,,,
,,,,,,,,,,,,,
,,,,,,,,,,,,,
,,,,,,,,,,,,,
,,,,,,,,,,,,,
,,,,,,,,,,,,,
,,,,,,,,,,,,,
,,,,,,,,,,,,,
,,,,,,,,,,,,,
,,,,,,,,,,,,,
,,,,,,,,,,,,,
,,,,,,,,,,,,,
,,,,,,,,,,,,,
,,,,,,,,,,,,,
,,,,,,,,,,,,,
,,,,,,,,,,,,,
,,,,,,,,,,,,,
